Accuracy,Precision,Recall,F1 Score
0.9827,0.9826537949337532,0.9825862781012991,0.9826021706595014
